club_name,about_club,related_product,category_id
Aston Villa,"The Aston Villa Football Club, known as the Villans, is a historic team in English football. 
Representing Birmingham, the club has achieved significant success, including winning the FA Cup and the European Cup. 
With legendary players like Jack Grealish and current stars, Aston Villa captivates fans with their attacking style and rich heritage. 
Wearing their iconic claret and blue colors, the Villans proudly showcase their passion and determination on the pitch.","<p><em>ðŸ”¹ Explore our full range of</em> <a href=""https://kidsfootballkit.co.uk/""><em><u>Kids Football Kit</u></em></a> <em>â€”find your perfect match today!</em></p>
<p><em>ðŸ”¹ Discover our</em> <a href=""https://kidsfootballkit.co.uk/product-category/the-best-premier-league-kids-football-kit-2021-22/""><em><u>Premier Leagues Kids Football Kit collection</u></em></a><em>â€”support your favorite team in style!</em></p>
<p><em>ðŸ”¹ Browse our exclusive</em> <a href=""https://kidsfootballkit.co.uk/product-category/the-best-premier-league-kids-football-kit-2021-22/aston-villa/""><em><u>Aston Villa Kids Football Kit</u></em></a> <em>â€”official look for true fans!</em></p>",481
Bounermouth,"The AFC Bournemouth football club, known as the Cherries, is a rising star in English football. 
Representing Bournemouth, the team has made impressive strides in the Premier League since their promotion. 
Led by dynamic players like Philip Billing and Dominic Solanke, the Cherries thrill fans with their exciting style of play. 
Wearing their iconic red and black stripes, AFC Bournemouth proudly showcases their passion and ambition on the pitch.","<p><em>ðŸ”¹ Explore our full range of</em> <a href=""https://kidsfootballkit.co.uk/""><em><u>Kids Football Kit</u></em></a> <em>â€”find your perfect match today!</em></p>
<p><em>ðŸ”¹ Discover our</em> <a href=""https://kidsfootballkit.co.uk/product-category/the-best-premier-league-kids-football-kit-2021-22/""><em><u>Premier Leagues Kids Football Kit collection</u></em></a><em>â€”support your favorite team in style!</em></p>
<p><em>ðŸ”¹ Browse our exclusive</em> <a href=""https://kidsfootballkit.co.uk/product-category/the-best-premier-league-kids-football-kit-2021-22/bournemouth/""><em><u>Bounermouth Kids Football Kit</u></em></a> <em>â€”official look for true fans!</em></p>"
Brentford,"The Brentford Football Club, known as the Bees, has made a significant mark in English football.
Competing in the Premier League, the team has shown resilience and ambition.
With standout players like Ivan Toney and Christian NÃ¸rgaard, Brentford plays an exciting brand of attacking football.
Dressed in their iconic red and white stripes, the Bees embody teamwork and determination.
Proudly representing their community, Brentford continues to rise in the footballing world.","<p><em>ðŸ”¹ Explore our full range of</em> <a href=""https://kidsfootballkit.co.uk/""><em><u>Kids Football Kit</u></em></a> <em>â€”find your perfect match today!</em></p>
<p><em>ðŸ”¹ Discover our</em> <a href=""https://kidsfootballkit.co.uk/product-category/the-best-premier-league-kids-football-kit-2021-22/""><em><u>Premier Leagues Kids Football Kit collection</u></em></a><em>â€”support your favorite team in style!</em></p>
<p><em>ðŸ”¹ Browse our exclusive</em> <a href=""https://kidsfootballkit.co.uk/product-category/the-best-premier-league-kids-football-kit-2021-22/brentford-the-best-premier-league-kids-football-kit-2021-22/""><em><u>Brentford Kids Football Kit</u></em></a> <em>â€”official look for true fans!</em></p>"
Burnley,"Burnley Football Club, known as the Clarets, is a historic team in English football.
Representing the town of Burnley, the club has a rich heritage and passionate fanbase.
With a strong emphasis on teamwork and resilience, Burnley has made its mark in the Premier League.
Led by determined players and a dedicated coaching staff, they embody the spirit of northern football.
In their claret and blue colors, Burnley continues to strive for success on the pitch.","<p><em>ðŸ”¹ Explore our full range of</em> <a href=""https://kidsfootballkit.co.uk/""><em><u>Kids Football Kit</u></em></a> <em>â€”find your perfect match today!</em></p>
<p><em>ðŸ”¹ Discover our</em> <a href=""https://kidsfootballkit.co.uk/product-category/the-best-premier-league-kids-football-kit-2021-22/""><em><u>Premier Leagues Kids Football Kit collection</u></em></a><em>â€”support your favorite team in style!</em></p>
<p><em>ðŸ”¹ Browse our exclusive</em> <a href=""https://kidsfootballkit.co.uk/product-category/the-best-premier-league-kids-football-kit-2021-22/burnley/""><em><u>Burnley Kids Football Kit</u></em></a> <em>â€”official look for true fans!</em></p>"
Chelsea,"The Chelsea Football Club, known as the Blues, is a powerhouse in English football. 
Representing London, the team has enjoyed tremendous success, including winning the UEFA Champions League in 2021. 
Led by dynamic players like Raheem Sterling and Enzo FernÃ¡ndez, Chelsea impresses fans with their attacking prowess and tactical depth. 
Dressed in their iconic blue kits, the club continues to display skill and ambition on the world stage.","<p><em>ðŸ”¹ Explore our full range of</em> <a href=""https://kidsfootballkit.co.uk/""><em><u>Kids Football Kit</u></em></a> <em>â€”find your perfect match today!</em></p>
<p><em>ðŸ”¹ Discover our</em> <a href=""https://kidsfootballkit.co.uk/product-category/the-best-premier-league-kids-football-kit-2021-22/""><em><u>Premier Leagues Kids Football Kit collection</u></em></a><em>â€”support your favorite team in style!</em></p>
<p><em>ðŸ”¹ Browse our exclusive</em> <a href=""https://kidsfootballkit.co.uk/product-category/the-best-premier-league-kids-football-kit-2021-22/chelsea/""><em><u>Chelsea Kids Football Kit</u></em></a> <em>â€”official look for true fans!</em></p>",481
Crystal Palace,"Crystal Palace Football Club, known as the Eagles, is a prominent name in English football.
Based in South London, the club has a rich history and a passionate fanbase.
With notable achievements including reaching the FA Cup final, they continue to strive for success.
Under the leadership of dynamic players like Wilfried Zaha, Crystal Palace showcases resilience and flair.
Dressed in their iconic red and blue colors, they proudly represent their community on the pitch.","<p><em>ðŸ”¹ Explore our full range of</em> <a href=""https://kidsfootballkit.co.uk/""><em><u>Kids Football Kit</u></em></a> <em>â€”find your perfect match today!</em></p>
<p><em>ðŸ”¹ Discover our</em> <a href=""https://kidsfootballkit.co.uk/product-category/the-best-premier-league-kids-football-kit-2021-22/""><em><u>Premier Leagues Kids Football Kit collection</u></em></a><em>â€”support your favorite team in style!</em></p>
<p><em>ðŸ”¹ Browse our exclusive</em> <a href=""https://kidsfootballkit.co.uk/product-category/the-best-premier-league-kids-football-kit-2021-22/crystal-palace/""><em><u>Crystal Palace Kids Football Kit</u></em></a> <em>â€”official look for true fans!</em></p>"
Everton,"The Everton Football Club, known as the Toffees, is a historic club in English football.
Representing Liverpool, the team boasts a rich heritage and passionate fanbase.
With notable achievements including multiple league titles and FA Cups, Everton is a respected name in the sport.
Led by dedicated players and management, the Toffees are known for their fighting spirit and attacking style.
Wearing their iconic blue jerseys, Everton proudly competes at the highest level.","<p><em>ðŸ”¹ Explore our full range of</em> <a href=""https://kidsfootballkit.co.uk/""><em><u>Kids Football Kit</u></em></a> <em>â€”find your perfect match today!</em></p>
<p><em>ðŸ”¹ Discover our</em> <a href=""https://kidsfootballkit.co.uk/product-category/the-best-premier-league-kids-football-kit-2021-22/""><em><u>Premier Leagues Kids Football Kit collection</u></em></a><em>â€”support your favorite team in style!</em></p>
<p><em>ðŸ”¹ Browse our exclusive</em> <a href=""https://kidsfootballkit.co.uk/product-category/the-best-premier-league-kids-football-kit-2021-22/everton/""><em><u>Everton Kids Football Kit</u></em></a> <em>â€”official look for true fans!</em></p>"
Fulham United,"Fulham Football Club, known as the Cottagers, is a historic team in English football.
Based in London, they compete in the Premier League with a rich heritage.
With a passionate fanbase, Fulham plays their home matches at Craven Cottage, a picturesque riverside stadium.
The club has seen notable players like Johnny Haynes and more recently Aleksandar MitroviÄ‡.
Wearing their iconic white and black kits, Fulham aims to make their mark in every season.","<p><em>ðŸ”¹ Explore our full range of</em> <a href=""https://kidsfootballkit.co.uk/""><em><u>Kids Football Kit</u></em></a> <em>â€”find your perfect match today!</em></p>
<p><em>ðŸ”¹ Discover our</em> <a href=""https://kidsfootballkit.co.uk/product-category/the-best-premier-league-kids-football-kit-2021-22/""><em><u>Premier Leagues Kids Football Kit collection</u></em></a><em>â€”support your favorite team in style!</em></p>
<p><em>ðŸ”¹ Browse our exclusive</em> <a href=""https://kidsfootballkit.co.uk/product-category/the-best-premier-league-kids-football-kit-2021-22/fulham/""><em><u>Fulham United Kids Football Kit</u></em></a> <em>â€”official look for true fans!</em></p>"
Ipswich Town,"Ipswich Town Football Club, known as the Tractor Boys, is a historic name in English football.
Representing Ipswich, the team boasts a rich legacy, including winning the FA Cup in 1978 and the UEFA Cup in 1981.
With passionate players and dedicated fans, Ipswich Town is known for its attacking style and strong community spirit.
Wearing their iconic blue and white kits, the club proudly showcases their talent in the EFL Championship.","<p><em>ðŸ”¹ Explore our full range of</em> <a href=""https://kidsfootballkit.co.uk/""><em><u>Kids Football Kit</u></em></a> <em>â€”find your perfect match today!</em></p>
<p><em>ðŸ”¹ Discover our</em> <a href=""https://kidsfootballkit.co.uk/product-category/the-best-premier-league-kids-football-kit-2021-22/""><em><u>Premier Leagues Kids Football Kit collection</u></em></a><em>â€”support your favorite team in style!</em></p>
<p><em>ðŸ”¹ Browse our exclusive</em> <a href=""https://kidsfootballkit.co.uk/product-category/the-best-premier-league-kids-football-kit-2021-22/ipswich-town/""><em><u>Ipswich Town Kids Football Kit</u></em></a> <em>â€”official look for true fans!</em></p>"
Leeds United,"Leeds United, known as the Whites, is a historic club in English football. 
Representing the city of Leeds, the team has a rich legacy, including winning the First Division title three times. 
With passionate supporters and a vibrant atmosphere at Elland Road, Leeds United is a force in the Championship. 
Guided by dynamic players, the club is renowned for its attacking style and resilience on the pitch.","<p><em>ðŸ”¹ Explore our full range of</em> <a href=""https://kidsfootballkit.co.uk/""><em><u>Kids Football Kit</u></em></a> <em>â€”find your perfect match today!</em></p>
<p><em>ðŸ”¹ Discover our</em> <a href=""https://kidsfootballkit.co.uk/product-category/the-best-premier-league-kids-football-kit-2021-22/""><em><u>Premier Leagues Kids Football Kit collection</u></em></a><em>â€”support your favorite team in style!</em></p>
<p><em>ðŸ”¹ Browse our exclusive</em> <a href=""https://kidsfootballkit.co.uk/product-category/the-best-premier-league-kids-football-kit-2021-22/leeds-united/""><em><u>Leeds United Kids Football Kit</u></em></a> <em>â€”official look for true fans!</em></p>"
Leicester City,"Leicester City Football Club, known as the Foxes, is a prominent name in English football.
Representing Leicester, the team made history by winning the Premier League in 2016, defying all odds.
Led by key players like Jamie Vardy and Youri Tielemans, the Foxes are known for their resilience and attacking style.
With their iconic blue jerseys, Leicester City continues to inspire fans with their passion and determination on the pitch.","<p><em>ðŸ”¹ Explore our full range of</em> <a href=""https://kidsfootballkit.co.uk/""><em><u>Kids Football Kit</u></em></a> <em>â€”find your perfect match today!</em></p>
<p><em>ðŸ”¹ Discover our</em> <a href=""https://kidsfootballkit.co.uk/product-category/the-best-premier-league-kids-football-kit-2021-22/""><em><u>Premier Leagues Kids Football Kit collection</u></em></a><em>â€”support your favorite team in style!</em></p>
<p><em>ðŸ”¹ Browse our exclusive</em> <a href=""https://kidsfootballkit.co.uk/product-category/the-best-premier-league-kids-football-kit-2021-22/leicester-city/""><em><u>Leicester City Kids Football Kit</u></em></a> <em>â€”official look for true fans!</em></p>"
Liverpool,"The Liverpool Football Club, known as the Reds, is a powerhouse in English football.
Representing Liverpool, the team has a rich history, including six UEFA Champions League titles.
Led by iconic figures such as Steven Gerrard and current stars like Mohamed Salah, Liverpool excites fans with their attacking style and passionate play.
With their famous red kits, the club continues to inspire loyalty and pride among supporters worldwide.","<p><em>ðŸ”¹ Explore our full range of</em> <a href=""https://kidsfootballkit.co.uk/""><em><u>Kids Football Kit</u></em></a> <em>â€”find your perfect match today!</em></p>
<p><em>ðŸ”¹ Discover our</em> <a href=""https://kidsfootballkit.co.uk/product-category/the-best-premier-league-kids-football-kit-2021-22/""><em><u>Premier Leagues Kids Football Kit collection</u></em></a><em>â€”support your favorite team in style!</em></p>
<p><em>ðŸ”¹ Browse our exclusive</em> <a href=""https://kidsfootballkit.co.uk/product-category/the-best-premier-league-kids-football-kit-2021-22/liverpool-kids-footballl-kit/""><em><u>Liverpool Kids Football Kit</u></em></a> <em>â€”official look for true fans!</em></p>"
Luton,"The Luton Town Football Club, known as the Hatters, has a rich history in English football. 
Competing in the EFL Championship, they have shown resilience and ambition in their quest for success. 
With passionate supporters and a vibrant home ground, Kenilworth Road, the Hatters create an electric atmosphere. 
Led by a dedicated coaching staff, Luton Town aims to make their mark in the footballing landscape.","<p><em>ðŸ”¹ Explore our full range of</em> <a href=""https://kidsfootballkit.co.uk/""><em><u>Kids Football Kit</u></em></a> <em>â€”find your perfect match today!</em></p>
<p><em>ðŸ”¹ Discover our</em> <a href=""https://kidsfootballkit.co.uk/product-category/the-best-premier-league-kids-football-kit-2021-22/""><em><u>Premier Leagues Kids Football Kit collection</u></em></a><em>â€”support your favorite team in style!</em></p>
<p><em>ðŸ”¹ Browse our exclusive</em> <a href=""https://kidsfootballkit.co.uk/product-category/the-best-premier-league-kids-football-kit-2021-22/luton/""><em><u>Luton Kids Football Kit</u></em></a> <em>â€”official look for true fans!</em></p>"
Manchester City,"Manchester City Football Club, known as the Citizens, is a powerhouse in English football.
Representing Manchester, the team has enjoyed significant success, including winning the Premier League multiple times.
Led by visionary coach Pep Guardiola and star players like Kevin De Bruyne, City dazzles fans with their attacking style and tactical prowess.
Wearing their iconic sky blue jerseys, Manchester City continues to shine brightly on both domestic and European stages.","<p><em>ðŸ”¹ Explore our full range of</em> <a href=""https://kidsfootballkit.co.uk/""><em><u>Kids Football Kit</u></em></a> <em>â€”find your perfect match today!</em></p>
<p><em>ðŸ”¹ Discover our</em> <a href=""https://kidsfootballkit.co.uk/product-category/the-best-premier-league-kids-football-kit-2021-22/""><em><u>Premier Leagues Kids Football Kit collection</u></em></a><em>â€”support your favorite team in style!</em></p>
<p><em>ðŸ”¹ Browse our exclusive</em> <a href=""https://kidsfootballkit.co.uk/product-category/the-best-premier-league-kids-football-kit-2021-22/manchester-city/""><em><u>Manchester City Kids Football Kit</u></em></a> <em>â€”official look for true fans!</em></p>"
Manchester United,"Manchester United Football Club, known as the Red Devils, is a titan in English football.
Representing Manchester, the club has a storied history, including numerous Premier League titles and European triumphs.
With legendary players like Eric Cantona and current stars such as Bruno Fernandes, Manchester United excites fans with their attacking style and resilience.
Dressed in their iconic red jerseys, the club continues to inspire passion and pride among supporters worldwide.","<p><em>ðŸ”¹ Explore our full range of</em> <a href=""https://kidsfootballkit.co.uk/""><em><u>Kids Football Kit</u></em></a> <em>â€”find your perfect match today!</em></p>
<p><em>ðŸ”¹ Discover our</em> <a href=""https://kidsfootballkit.co.uk/product-category/the-best-premier-league-kids-football-kit-2021-22/""><em><u>Premier Leagues Kids Football Kit collection</u></em></a><em>â€”support your favorite team in style!</em></p>
<p><em>ðŸ”¹ Browse our exclusive</em> <a href=""https://kidsfootballkit.co.uk/product-category/the-best-premier-league-kids-football-kit-2021-22/manchester-united/""><em><u>Manchester United Kids Football Kit</u></em></a> <em>â€”official look for true fans!</em></p>"
Newcastle,"The Newcastle United football club, known as the Magpies, is a storied name in English football. 
Representing Newcastle upon Tyne, the club has a passionate fanbase and a rich history. 
With iconic players like Alan Shearer and current stars like Bruno GuimarÃ£es, Newcastle showcases skill and determination. 
Wearing their classic black and white stripes, the Magpies strive for glory in the Premier League and beyond.","<p><em>ðŸ”¹ Explore our full range of</em> <a href=""https://kidsfootballkit.co.uk/""><em><u>Kids Football Kit</u></em></a> <em>â€”find your perfect match today!</em></p>
<p><em>ðŸ”¹ Discover our</em> <a href=""https://kidsfootballkit.co.uk/product-category/the-best-premier-league-kids-football-kit-2021-22/""><em><u>Premier Leagues Kids Football Kit collection</u></em></a><em>â€”support your favorite team in style!</em></p>
<p><em>ðŸ”¹ Browse our exclusive</em> <a href=""https://kidsfootballkit.co.uk/product-category/the-best-premier-league-kids-football-kit-2021-22/newcastle-kids-football-kit-on-sale-22-23/""><em><u>Newcastle Kids Football Kit</u></em></a> <em>â€”official look for true fans!</em></p>"
Nothingham Forest,"Nottingham Forest Football Club, known as the Reds, has a storied history in English football.
Representing Nottingham, the club has achieved remarkable success, including winning the UEFA Champions League twice in the late 1970s.
With legendary figures like Brian Clough and current talents such as Brennan Johnson, the team captivates fans with their attacking play and resilience.
Dressed in their iconic red kits, Nottingham Forest proudly showcases their rich heritage and ambition on the pitch.","<p><em>ðŸ”¹ Explore our full range of</em> <a href=""https://kidsfootballkit.co.uk/""><em><u>Kids Football Kit</u></em></a> <em>â€”find your perfect match today!</em></p>
<p><em>ðŸ”¹ Discover our</em> <a href=""https://kidsfootballkit.co.uk/product-category/the-best-premier-league-kids-football-kit-2021-22/""><em><u>Premier Leagues Kids Football Kit collection</u></em></a><em>â€”support your favorite team in style!</em></p>
<p><em>ðŸ”¹ Browse our exclusive</em> <a href=""https://kidsfootballkit.co.uk/product-category/the-best-premier-league-kids-football-kit-2021-22/nottingham-forest-junior-kit-22-23/""><em><u>Nothingham Forest Kids Football Kit</u></em></a> <em>â€”official look for true fans!</em></p>"
Sheffleld United,"Sheffield United Football Club, known as the Blades, is a historic name in English football.
Representing Sheffield, the team has a rich legacy, including multiple league titles and FA Cup victories.
With passionate supporters and a fierce competitive spirit, the Blades strive for success in every match.
Dressed in their iconic red and white stripes, Sheffield United continues to fight for glory on the footballing stage.","<p><em>ðŸ”¹ Explore our full range of</em> <a href=""https://kidsfootballkit.co.uk/""><em><u>Kids Football Kit</u></em></a> <em>â€”find your perfect match today!</em></p>
<p><em>ðŸ”¹ Discover our</em> <a href=""https://kidsfootballkit.co.uk/product-category/the-best-premier-league-kids-football-kit-2021-22/""><em><u>Premier Leagues Kids Football Kit collection</u></em></a><em>â€”support your favorite team in style!</em></p>
<p><em>ðŸ”¹ Browse our exclusive</em> <a href=""https://kidsfootballkit.co.uk/product-category/the-best-premier-league-kids-football-kit-2021-22/sheffield-united/""><em><u>Sheffleld United Kids Football Kit</u></em></a> <em>â€”official look for true fans!</em></p>"
Southampton,"The Southampton Football Club, affectionately known as the Saints, is a prominent name in English football. 
Representing the coastal city of Southampton, the team has a rich history and a loyal fanbase. 
With a focus on youth development and attacking football, the Saints have produced notable talents over the years. 
Wearing their iconic red and white stripes, Southampton continues to strive for success in the Premier League.","<p><em>ðŸ”¹ Explore our full range of</em> <a href=""https://kidsfootballkit.co.uk/""><em><u>Kids Football Kit</u></em></a> <em>â€”find your perfect match today!</em></p>
<p><em>ðŸ”¹ Discover our</em> <a href=""https://kidsfootballkit.co.uk/product-category/the-best-premier-league-kids-football-kit-2021-22/""><em><u>Premier Leagues Kids Football Kit collection</u></em></a><em>â€”support your favorite team in style!</em></p>
<p><em>ðŸ”¹ Browse our exclusive</em> <a href=""https://kidsfootballkit.co.uk/product-category/the-best-premier-league-kids-football-kit-2021-22/southampton/""><em><u>Southampton Kids Football Kit</u></em></a> <em>â€”official look for true fans!</em></p>"
Tottenham Hotspur,"The Tottenham Hotspur Football Club, known simply as Spurs, is a prominent name in English football.
Based in North London, the club has a rich history and a passionate fan base.
Spurs are known for their attacking style and commitment to youth development.
With iconic players like Harry Kane and Son Heung-min, they consistently aim for success in domestic and European competitions.
Wearing their classic white and navy kits, Spurs proudly represent their heritage on the pitch.","<p><em>ðŸ”¹ Explore our full range of</em> <a href=""https://kidsfootballkit.co.uk/""><em><u>Kids Football Kit</u></em></a> <em>â€”find your perfect match today!</em></p>
<p><em>ðŸ”¹ Discover our</em> <a href=""https://kidsfootballkit.co.uk/product-category/the-best-premier-league-kids-football-kit-2021-22/""><em><u>Premier Leagues Kids Football Kit collection</u></em></a><em>â€”support your favorite team in style!</em></p>
<p><em>ðŸ”¹ Browse our exclusive</em> <a href=""https://kidsfootballkit.co.uk/product-category/the-best-premier-league-kids-football-kit-2021-22/tottenham-hotspur/""><em><u>Tottenham Hotspur Kids Football Kit</u></em></a> <em>â€”official look for true fans!</em></p>"
Watford,"The Watford Football Club, known as the Hornets, is a prominent name in English football. 
Representing Watford, the team has a rich history, including multiple promotions to the Premier League. 
With passionate players like Ismaila Sarr and JoÃ£o Pedro, the Hornets thrill fans with their dynamic play and resilience. 
Dressed in their iconic yellow and black colors, Watford proudly showcases their spirit and ambition on the footballing stage.","<p><em>ðŸ”¹ Explore our full range of</em> <a href=""https://kidsfootballkit.co.uk/""><em><u>Kids Football Kit</u></em></a> <em>â€”find your perfect match today!</em></p>
<p><em>ðŸ”¹ Discover our</em> <a href=""https://kidsfootballkit.co.uk/product-category/the-best-premier-league-kids-football-kit-2021-22/""><em><u>Premier Leagues Kids Football Kit collection</u></em></a><em>â€”support your favorite team in style!</em></p>
<p><em>ðŸ”¹ Browse our exclusive</em> <a href=""https://kidsfootballkit.co.uk/product-category/the-best-premier-league-kids-football-kit-2021-22/watford-premier-league/""><em><u>Watford Kids Football Kit</u></em></a> <em>â€”official look for true fans!</em></p>"
West Bromwich,"West Bromwich Albion, known as the Baggies, is a historic club in English football.
With a rich legacy, they have experienced both triumphs and challenges in the Premier League.
The team is celebrated for its passionate fanbase and vibrant atmosphere at The Hawthorns.
Players like Diangana and Pereira bring flair and skill to the pitch, captivating supporters.
In their iconic blue and white stripes, the Baggies continue to strive for success in every match.","<p><em>ðŸ”¹ Explore our full range of</em> <a href=""https://kidsfootballkit.co.uk/""><em><u>Kids Football Kit</u></em></a> <em>â€”find your perfect match today!</em></p>
<p><em>ðŸ”¹ Discover our</em> <a href=""https://kidsfootballkit.co.uk/product-category/the-best-premier-league-kids-football-kit-2021-22/""><em><u>Premier Leagues Kids Football Kit collection</u></em></a><em>â€”support your favorite team in style!</em></p>
<p><em>ðŸ”¹ Browse our exclusive</em> <a href=""https://kidsfootballkit.co.uk/product-category/the-best-premier-league-kids-football-kit-2021-22/west-bromwich/""><em><u>West Bromwich Kids Football Kit</u></em></a> <em>â€”official look for true fans!</em></p>"
West Ham United,"West Ham United, known as the Hammers, is a prominent club in English football.
Based in East London, they boast a rich history and passionate fanbase.
The club has enjoyed success in domestic and European competitions, including winning the FA Cup.
With iconic players like Bobby Moore and modern stars like Declan Rice, West Ham showcases resilience and skill.
Their claret and blue colors symbolize their proud heritage and commitment to the game.","<p><em>ðŸ”¹ Explore our full range of</em> <a href=""https://kidsfootballkit.co.uk/""><em><u>Kids Football Kit</u></em></a> <em>â€”find your perfect match today!</em></p>
<p><em>ðŸ”¹ Discover our</em> <a href=""https://kidsfootballkit.co.uk/product-category/bundesliga/""><em><u>Premier Leagues Kids Football Kit collection</u></em></a><em>â€”support your favorite team in style!</em></p>
<p><em>ðŸ”¹ Browse our exclusive</em> <a href=""https://kidsfootballkit.co.uk/product-category/the-best-premier-league-kids-football-kit-2021-22/westham-united/""><em><u>West Ham United Kids Football Kit</u></em></a> <em>â€”official look for true fans!</em></p>"
Wolves,"The Wolves, officially known as Wolverhampton Wanderers, are a prominent club in English football.
With a rich history, they have achieved significant success, including three FA Cup victories.
The team is known for its passionate fan base and vibrant atmosphere at Molineux Stadium.
Under the guidance of skilled players like Ruben Neves, the Wolves display tenacity and skill on the pitch.
Dressed in their iconic gold and black colors, they proudly represent Wolverhampton in the Premier League.","<p><em>ðŸ”¹ Explore our full range of</em> <a href=""https://kidsfootballkit.co.uk/""><em><u>Kids Football Kit</u></em></a> <em>â€”find your perfect match today!</em></p>
<p><em>ðŸ”¹ Discover our</em> <a href=""https://kidsfootballkit.co.uk/product-category/bundesliga/""><em><u>Premier Leagues Kids Football Kit collection</u></em></a><em>â€”support your favorite team in style!</em></p>
<p><em>ðŸ”¹ Browse our exclusive</em> <a href=""https://kidsfootballkit.co.uk/product-category/the-best-premier-league-kids-football-kit-2021-22/wolves/""><em><u>Wolves Kids Football Kit</u></em></a> <em>â€”official look for true fans!</em></p>"
Bayern Leverkusen,"Bayer 04 Leverkusen, known as Die Werkself, is a prominent club in German football.
Representing Leverkusen, the team has consistently competed at the highest level in the Bundesliga.
With a rich history, they are known for their attacking style and strong youth development.
Stars like Kai Havertz and Leon Bailey have showcased their talent on the pitch.
Wearing their iconic red and black colors, Leverkusen aims for glory in every competition.","<p><em>ðŸ”¹ Explore our full range of</em> <a href=""https://kidsfootballkit.co.uk/""><em><u>Kids Football Kit</u></em></a> <em>â€”find your perfect match today!</em></p>
<p><em>ðŸ”¹ Discover our</em> <a href=""https://kidsfootballkit.co.uk/product-category/bundesliga/""><em><u>Bundesliga Kids Football Kit collection</u></em></a><em>â€”support your favorite team in style!</em></p>
<p><em>ðŸ”¹ Browse our exclusive</em> <a href=""https://kidsfootballkit.co.uk/product-category/bundesliga/bayern-leverkusen/""><em><u>Bayern Leverkusen Kids Football Kit</u></em></a> <em>â€”official look for true fans!</em></p>"
Bayem Munich,"Bayern Munich, known as Die Roten, is a powerhouse in European football.
Representing Germany, the club has a rich history of success, including multiple Bundesliga titles and Champions League victories.
Led by stars like Thomas MÃ¼ller and Manuel Neuer, Bayern showcases a blend of skill, strategy, and relentless determination.
With their iconic red jerseys, Bayern Munich continues to dominate the football scene, proudly embodying the spirit of their nation.","<p><em>ðŸ”¹ Explore our full range of</em> <a href=""https://kidsfootballkit.co.uk/""><em><u>Kids Football Kit</u></em></a> <em>â€”find your perfect match today!</em></p>
<p><em>ðŸ”¹ Discover our</em> <a href=""https://kidsfootballkit.co.uk/product-category/the-best-premier-league-kids-football-kit-2021-22/""><em><u>Bundesliga Kids Football Kit collection</u></em></a><em>â€”support your favorite team in style!</em></p>
<p><em>ðŸ”¹ Browse our exclusive</em> <a href=""https://kidsfootballkit.co.uk/product-category/bundesliga/bayern-munich/""><em><u>Bayem Munich Kids Football Kit</u></em></a> <em>â€”official look for true fans!</em></p>"
Borussia Dortmund,"Borussia Dortmund, known as BVB, is a powerhouse in German football.
The club has a rich history, winning multiple Bundesliga titles and the UEFA Champions League in 1997.
With passionate fans and a vibrant atmosphere at Signal Iduna Park, BVB creates an unforgettable experience.
Star players like Marco Reus and Erling Haaland have showcased their skills, making the team a formidable force.
Dressed in iconic yellow and black, Borussia Dortmund proudly represents its city on the international stage.","<p><em>ðŸ”¹ Explore our full range of</em> <a href=""https://kidsfootballkit.co.uk/""><em><u>Kids Football Kit</u></em></a> <em>â€”find your perfect match today!</em></p>
<p><em>ðŸ”¹ Discover our</em> <a href=""https://kidsfootballkit.co.uk/product-category/the-best-premier-league-kids-football-kit-2021-22/""><em><u>Bundesliga Kids Football Kit collection</u></em></a><em>â€”support your favorite team in style!</em></p>
<p><em>ðŸ”¹ Browse our exclusive</em> <a href=""https://kidsfootballkit.co.uk/product-category/bundesliga/dortmund/""><em><u>Borussia Dortmund Kids Football Kit</u></em></a> <em>â€”official look for true fans!</em></p>"
Borussia MÃ¶nchengladbach,"Borussia MÃ¶nchengladbach, known as Die Fohlen, is a prominent club in German football.
With a rich history, they have secured five Bundesliga titles and numerous domestic trophies.
The team is renowned for its attacking style and passionate fanbase that creates an electric atmosphere.
Led by talented players like Marcus Thuram and Jonas Hofmann, they aim for success in every competition.
Wearing their iconic black, white, and green kits, Borussia MÃ¶nchengladbach proudly represents its city on the footballing stage.","<p><em>ðŸ”¹ Explore our full range of</em> <a href=""https://kidsfootballkit.co.uk/""><em><u>Kids Football Kit</u></em></a> <em>â€”find your perfect match today!</em></p>
<p><em>ðŸ”¹ Discover our</em> <a href=""https://kidsfootballkit.co.uk/product-category/the-best-premier-league-kids-football-kit-2021-22/""><em><u>Bundesliga Kids Football Kit collection</u></em></a><em>â€”support your favorite team in style!</em></p>
<p><em>ðŸ”¹ Browse our exclusive</em> <a href=""https://kidsfootballkit.co.uk/product-category/bundesliga/borussia-monchengladbach/""><em><u>Borussia MÃ¶nchengladbach Kids Football Kit</u></em></a> <em>â€”official look for true fans!</em></p>"
Eintracht Frankfurt,"Eintracht Frankfurt is a prominent club in German football known for its passionate fanbase.
Founded in 1899, the team has a rich history and has achieved notable success, including winning the UEFA Europa League in 1980 and 2022.
With a blend of youth and experience, players like Filip KostiÄ‡ and Daichi Kamada showcase their skill and determination.
Dressed in their iconic black and red kits, Eintracht Frankfurt continues to compete fiercely in domestic and European competitions.","<p><em>ðŸ”¹ Explore our full range of</em> <a href=""https://kidsfootballkit.co.uk/""><em><u>Kids Football Kit</u></em></a> <em>â€”find your perfect match today!</em></p>
<p><em>ðŸ”¹ Discover our</em> <a href=""https://kidsfootballkit.co.uk/product-category/serie-a/""><em><u>Bundesliga Kids Football Kit collection</u></em></a><em>â€”support your favorite team in style!</em></p>
<p><em>ðŸ”¹ Browse our exclusive</em> <a href=""https://kidsfootballkit.co.uk/product-category/bundesliga/eintracht-frankfurt/""><em><u>Eintracht Frankfurt Kids Football Kit</u></em></a> <em>â€”official look for true fans!</em></p>"
RB Leipzig,"RB Leipzig, known for their dynamic style of play, is a prominent force in German football. 
Representing the city of Leipzig, the club has quickly risen to prominence since its formation in 2009. 
With key players like Christopher Nkunku and Dani Olmo, RB Leipzig showcases a blend of youth and experience. 
Their iconic red and white colors symbolize their ambition and competitive spirit on both domestic and European stages.","<p><em>ðŸ”¹ Explore our full range of</em> <a href=""https://kidsfootballkit.co.uk/""><em><u>Kids Football Kit</u></em></a> <em>â€”find your perfect match today!</em></p>
<p><em>ðŸ”¹ Discover our</em> <a href=""https://kidsfootballkit.co.uk/product-category/serie-a/""><em><u>Bundesliga Kids Football Kit collection</u></em></a><em>â€”support your favorite team in style!</em></p>
<p><em>ðŸ”¹ Browse our exclusive</em> <a href=""https://kidsfootballkit.co.uk/product-category/bundesliga/rb-leipzig/""><em><u>RB Leipzig Kids Football Kit</u></em></a> <em>â€”official look for true fans!</em></p>"
VFL Wolfsburg,"The VFL Wolfsburg football club, known for its strong presence in German football, is a competitive force in the Bundesliga.
Founded in 1945, the club has seen significant success, including winning the Bundesliga title in 2009.
With a dedicated fan base and a commitment to developing young talent, Wolfsburg showcases an exciting style of play.
Dressed in their iconic green and white kits, they proudly represent the city on the national and international stage.","<p><em>ðŸ”¹ Explore our full range of</em> <a href=""https://kidsfootballkit.co.uk/""><em><u>Kids Football Kit</u></em></a> <em>â€”find your perfect match today!</em></p>
<p><em>ðŸ”¹ Discover our</em> <a href=""https://kidsfootballkit.co.uk/product-category/serie-a/""><em><u>Bundesliga Kids Football Kit collection</u></em></a><em>â€”support your favorite team in style!</em></p>
<p><em>ðŸ”¹ Browse our exclusive</em> <a href=""https://kidsfootballkit.co.uk/product-category/bundesliga/vfl-wolfburg/""><em><u>VFL Wolfsburg Kids Football Kit</u></em></a> <em>â€”official look for true fans!</em></p>"
Athletic Club Bilbao,"Athletic Club Bilbao, known simply as Athletic, is a prominent name in Spanish football.
Based in the Basque region, the club is renowned for its rich history and traditions.
With a commitment to fielding players from the Basque Country, Athletic has a unique identity.
The team showcases a blend of passion, skill, and determination on the pitch.
Dressed in their iconic red and white stripes, they proudly represent their local heritage.","<p><em>ðŸ”¹ Explore our full range of</em> <a href=""https://kidsfootballkit.co.uk/""><em><u>Kids Football Kit</u></em></a> <em>â€”find your perfect match today!</em></p>
<p><em>ðŸ”¹ Discover our</em> <a href=""https://kidsfootballkit.co.uk/product-category/serie-a/""><em><u>La Liga Kids Football Kit collection</u></em></a><em>â€”support your favorite team in style!</em></p>
<p><em>ðŸ”¹ Browse our exclusive</em> <a href=""https://kidsfootballkit.co.uk/product-category/la-liga/athletic-club-bilbao/""><em><u>Athletic Club Bilbao Kids Football Kit</u></em></a> <em>â€”official look for true fans!</em></p>"
Atletico Madrid,"Atletico Madrid, known as Los Colchoneros, is a powerhouse in Spanish football.
Representing Madrid, the club has enjoyed significant success, including winning La Liga and the UEFA Champions League.
Under the leadership of passionate figures like Diego Simeone, Atletico is renowned for their relentless defense and attacking prowess.
With their iconic red and white stripes, Atletico Madrid proudly showcases their grit and determination on the European stage.","<p><em>ðŸ”¹ Explore our full range of</em> <a href=""https://kidsfootballkit.co.uk/""><em><u>Kids Football Kit</u></em></a> <em>â€”find your perfect match today!</em></p>
<p><em>ðŸ”¹ Discover our</em> <a href=""https://kidsfootballkit.co.uk/product-category/serie-a/""><em><u>La Liga Kids Football Kit collection</u></em></a><em>â€”support your favorite team in style!</em></p>
<p><em>ðŸ”¹ Browse our exclusive</em> <a href=""https://kidsfootballkit.co.uk/product-category/la-liga/athletico-madrid/""><em><u>Atletico Madrid Kids Football Kit</u></em></a> <em>â€”official look for true fans!</em></p>"
Barcelona,"The FC Barcelona football club, known as BarÃ§a, is a symbol of excellence in global sports. 
Representing Catalonia, the team has enjoyed immense success, including winning multiple UEFA Champions League titles. 
With legends like Lionel Messi and current stars such as Robert Lewandowski, BarÃ§a enchants fans with their attacking style and tactical prowess. 
Dressed in their iconic blue and garnet colors, FC Barcelona proudly showcases their rich heritage and commitment to the beautiful game.","<p><em>ðŸ”¹ Explore our full range of</em> <a href=""https://kidsfootballkit.co.uk/""><em><u>Kids Football Kit</u></em></a> <em>â€”find your perfect match today!</em></p>
<p><em>ðŸ”¹ Discover our</em> <a href=""https://kidsfootballkit.co.uk/product-category/serie-a/""><em><u>La Liga Kids Football Kit collection</u></em></a><em>â€”support your favorite team in style!</em></p>
<p><em>ðŸ”¹ Browse our exclusive</em> <a href=""https://kidsfootballkit.co.uk/product-category/la-liga/barcelona/""><em><u>Barcelona Kids Football Kit</u></em></a> <em>â€”official look for true fans!</em></p>"
Malaga,"The MÃ¡laga CF football team, known as Los Boquerones, is a prominent club in Spanish football. 
Representing MÃ¡laga, the team has a rich history and passionate fanbase. 
With notable players like Isco and Duda, MÃ¡laga CF showcases skill and creativity on the pitch. 
Dressed in their iconic blue and white stripes, they embody the spirit of their coastal city. 
MÃ¡laga CF continues to strive for success in La Liga and beyond.","<p><em>ðŸ”¹ Explore our full range of</em> <a href=""https://kidsfootballkit.co.uk/""><em><u>Kids Football Kit</u></em></a> <em>â€”find your perfect match today!</em></p>
<p><em>ðŸ”¹ Discover our</em> <a href=""https://kidsfootballkit.co.uk/product-category/ligue-1/""><em><u>La Liga Kids Football Kit collection</u></em></a><em>â€”support your favorite team in style!</em></p>
<p><em>ðŸ”¹ Browse our exclusive</em> <a href=""https://kidsfootballkit.co.uk/product-category/la-liga/malaga/""><em><u>Malaga Kids Football Kit</u></em></a> <em>â€”official look for true fans!</em></p>"
Real Betis,"Real Betis BalompiÃ©, known simply as Real Betis, is a historic club in Spanish football. 
Based in Seville, the team boasts a passionate fanbase and a rich tradition. 
With a vibrant green and white kit, Real Betis plays at the iconic Estadio Benito VillamarÃ­n. 
The club has experienced notable successes, including winning the Copa del Rey. 
Guided by a blend of youth and experience, they continue to compete fiercely in La Liga.","<p><em>ðŸ”¹ Explore our full range of</em> <a href=""https://kidsfootballkit.co.uk/""><em><u>Kids Football Kit</u></em></a> <em>â€”find your perfect match today!</em></p>
<p><em>ðŸ”¹ Discover our</em> <a href=""https://kidsfootballkit.co.uk/product-category/ligue-1/""><em><u>La Liga Kids Football Kit collection</u></em></a><em>â€”support your favorite team in style!</em></p>
<p><em>ðŸ”¹ Browse our exclusive</em> <a href=""https://kidsfootballkit.co.uk/product-category/la-liga/real-betis/""><em><u>Real Betis Kids Football Kit</u></em></a> <em>â€”official look for true fans!</em></p>"
Real Madrid,"Real Madrid Club de FÃºtbol, known simply as Real Madrid, is a powerhouse in world football.
With a storied history, the club has claimed numerous La Liga titles and UEFA Champions League trophies.
Renowned for its legendary players like Cristiano Ronaldo and current stars such as Karim Benzema, Real Madrid dazzles fans with their attacking prowess and tactical brilliance.
Dressed in their iconic white kits, they embody a spirit of excellence and ambition.","<p><em>ðŸ”¹ Explore our full range of</em> <a href=""https://kidsfootballkit.co.uk/""><em><u>Kids Football Kit</u></em></a> <em>â€”find your perfect match today!</em></p>
<p><em>ðŸ”¹ Discover our</em> <a href=""https://kidsfootballkit.co.uk/product-category/ligue-1/""><em><u>La Liga Kids Football Kit collection</u></em></a><em>â€”support your favorite team in style!</em></p>
<p><em>ðŸ”¹ Browse our exclusive</em> <a href=""https://kidsfootballkit.co.uk/product-category/la-liga/real-madrid/""><em><u>Real Madrid Kids Football Kit</u></em></a> <em>â€”official look for true fans!</em></p>",481
AC Milan,"The AC Milan football club, known as the Rossoneri, is a powerhouse in Italian football.
Representing Milan, the team boasts an illustrious history, including numerous Serie A titles and Champions League victories.
With legendary players like Paolo Maldini and current stars such as Rafael LeÃ£o, AC Milan enchants fans with their tactical prowess and attacking creativity.
Dressed in iconic red and black stripes, the club proudly embodies the spirit of Milan on the world stage.","<p><em>ðŸ”¹ Explore our full range of</em> <a href=""https://kidsfootballkit.co.uk/""><em><u>Kids Football Kit</u></em></a> <em>â€”find your perfect match today!</em></p>
<p><em>ðŸ”¹ Discover our</em> <a href=""https://kidsfootballkit.co.uk/product-category/other-leagues/""><em><u>Serie A Kids Football Kit collection</u></em></a><em>â€”support your favorite team in style!</em></p>
<p><em>ðŸ”¹ Browse our exclusive</em> <a href=""https://kidsfootballkit.co.uk/product-category/serie-a/ac-milan/""><em><u>AC Milan Kids Football Kit</u></em></a> <em>â€”official look for true fans!</em></p>",657
AFC Fiorentina,"AFC Fiorentina, known as La Viola, is a prominent club in Italian football. 
Founded in 1926, they boast a rich history and a passionate fanbase. 
The team has enjoyed notable successes, including winning the Coppa Italia multiple times. 
With star players like Federico Chiesa and Dusan Vlahovic, Fiorentina showcases skill and creativity on the pitch. 
Wearing their iconic purple jerseys, they proudly represent Florence in the Serie A.","<p><em>ðŸ”¹ Explore our full range of</em> <a href=""https://kidsfootballkit.co.uk/""><em><u>Kids Football Kit</u></em></a> <em>â€”find your perfect match today!</em></p>
<p><em>ðŸ”¹ Discover our</em> <a href=""https://kidsfootballkit.co.uk/product-category/other-leagues/""><em><u>Serie A Kids Football Kit collection</u></em></a><em>â€”support your favorite team in style!</em></p>
<p><em>ðŸ”¹ Browse our exclusive</em> <a href=""https://kidsfootballkit.co.uk/product-category/serie-a/afc-fiorentina-serie-a/""><em><u>AFC Fiorentina Kids Football Kit</u></em></a> <em>â€”official look for true fans!</em></p>"
AS Roma,"AS Roma, known as i Giallorossi, is a prominent club in Italian football.
Representing the capital city, the team boasts a rich history and passionate fanbase.
With notable achievements including three Serie A titles, Roma is a competitive force in domestic and European competitions.
Led by talented players like Lorenzo Pellegrini and Paulo Dybala, they display a blend of skill, tenacity, and attacking style.
Wearing their iconic maroon and yellow colors, AS Roma embodies the spirit of Rome on the global stage.","<p><em>ðŸ”¹ Explore our full range of</em> <a href=""https://kidsfootballkit.co.uk/""><em><u>Kids Football Kit</u></em></a> <em>â€”find your perfect match today!</em></p>
<p><em>ðŸ”¹ Discover our</em> <a href=""https://kidsfootballkit.co.uk/product-category/other-leagues/""><em><u>Serie A Kids Football Kit collection</u></em></a><em>â€”support your favorite team in style!</em></p>
<p><em>ðŸ”¹ Browse our exclusive</em> <a href=""https://kidsfootballkit.co.uk/product-category/serie-a/as-roma/""><em><u>AS Roma Kids Football Kit</u></em></a> <em>â€”official look for true fans!</em></p>"
Inter Milan,"Inter Milan, known as FC Internazionale, is a powerhouse in Italian football.
The club has a rich history, marked by multiple Serie A titles and prestigious victories in European competitions.
With legendary players like Javier Zanetti and current stars such as Lautaro MartÃ­nez, Inter captivates fans with their tactical prowess and relentless determination.
Dressed in their iconic black and blue stripes, Inter Milan proudly represents Milan on the international stage.","<p><em>ðŸ”¹ Explore our full range of</em> <a href=""https://kidsfootballkit.co.uk/""><em><u>Kids Football Kit</u></em></a> <em>â€”find your perfect match today!</em></p>
<p><em>ðŸ”¹ Discover our</em> <a href=""https://kidsfootballkit.co.uk/product-category/euro-2024/""><em><u>Serie A Kids Football Kit collection</u></em></a><em>â€”support your favorite team in style!</em></p>
<p><em>ðŸ”¹ Browse our exclusive</em> <a href=""https://kidsfootballkit.co.uk/product-category/serie-a/inter-milan/""><em><u>Inter Milan Kids Football Kit</u></em></a> <em>â€”official look for true fans!</em></p>"
Juventus,"The Juventus Football Club, known as La Vecchia Signora, is a powerhouse in Italian football. 
Representing Turin, the club has a storied history, including numerous Serie A titles and Coppa Italia victories. 
With iconic players like Alessandro Del Piero and Cristiano Ronaldo, Juventus dazzles fans with their tactical prowess and resilience. 
Donning their classic black and white stripes, the club continues to shine on both domestic and European stages.","<p><em>ðŸ”¹ Explore our full range of</em> <a href=""https://kidsfootballkit.co.uk/""><em><u>Kids Football Kit</u></em></a> <em>â€”find your perfect match today!</em></p>
<p><em>ðŸ”¹ Discover our</em> <a href=""https://kidsfootballkit.co.uk/product-category/euro-2024/""><em><u>Serie A Kids Football Kit collection</u></em></a><em>â€”support your favorite team in style!</em></p>
<p><em>ðŸ”¹ Browse our exclusive</em> <a href=""https://kidsfootballkit.co.uk/product-category/serie-a/juventus/""><em><u>Juventus Kids Football Kit</u></em></a> <em>â€”official look for true fans!</em></p>", 481
Lazio,"The Lazio football club, known as Biancocelesti, is a prominent name in Italian football.
Representing Rome, the team has a rich history, including winning the Serie A title multiple times.
With stars like Ciro Immobile and Sergej MilinkoviÄ‡-SaviÄ‡, Lazio is known for its tactical prowess and attacking style.
Dressed in their iconic sky blue and white kits, Lazio proudly showcases their passion and commitment on the pitch.","<p><em>ðŸ”¹ Explore our full range of</em> <a href=""https://kidsfootballkit.co.uk/""><em><u>Kids Football Kit</u></em></a> <em>â€”find your perfect match today!</em></p>
<p><em>ðŸ”¹ Discover our</em> <a href=""https://kidsfootballkit.co.uk/product-category/euro-2024/""><em><u>Serie A Kids Football Kit collection</u></em></a><em>â€”support your favorite team in style!</em></p>
<p><em>ðŸ”¹ Browse our exclusive</em> <a href=""https://kidsfootballkit.co.uk/product-category/serie-a/lazio/""><em><u>Lazio Kids Football Kit</u></em></a> <em>â€”official look for true fans!</em></p>"
SSC Napoli,"The SSC Napoli football club, known for its vibrant blue colors, is a powerhouse in Italian football.
Representing Naples, the team has a rich history, including winning the Serie A title multiple times.
With legendary players like Diego Maradona and current stars such as Victor Osimhen, Napoli dazzles fans with their attacking style and passionate play.
Continuing to build on their legacy, SSC Napoli proudly showcases their talent on both domestic and European stages.","<p><em>ðŸ”¹ Explore our full range of</em> <a href=""https://kidsfootballkit.co.uk/""><em><u>Kids Football Kit</u></em></a> <em>â€”find your perfect match today!</em></p>
<p><em>ðŸ”¹ Discover our</em> <a href=""https://kidsfootballkit.co.uk/product-category/euro-2024/""><em><u>Serie A Kids Football Kit collection</u></em></a><em>â€”support your favorite team in style!</em></p>
<p><em>ðŸ”¹ Browse our exclusive</em> <a href=""https://kidsfootballkit.co.uk/product-category/serie-a/ssc-napoli/""><em><u>SSC Napoli Kids Football Kit</u></em></a> <em>â€”official look for true fans!</em></p>"
AS Monaco,"AS Monaco is a prominent football club based in the Principality of Monaco. 
Competing in Ligue 1, they have a rich history and a strong fanbase. 
The club has achieved significant success, including winning multiple league titles and domestic cups. 
Known for their youth academy, AS Monaco develops top talents who shine on the international stage. 
With their iconic red and white colors, they embody passion and ambition in every match.","<p><em>ðŸ”¹ Explore our full range of</em> <a href=""https://kidsfootballkit.co.uk/""><em><u>Kids Football Kit</u></em></a> <em>â€”find your perfect match today!</em></p>
<p><em>ðŸ”¹ Discover our</em> <a href=""https://kidsfootballkit.co.uk/product-category/euro-2024/""><em><u>Ligue 1 Kids Football Kit collection</u></em></a><em>â€”support your favorite team in style!</em></p>
<p><em>ðŸ”¹ Browse our exclusive</em> <a href=""https://kidsfootballkit.co.uk/product-category/ligue-1/as-monaco/""><em><u>AS Monaco Kids Football Kit</u></em></a> <em>â€”official look for true fans!</em></p>"
OGC Nice,"The OGC Nice football club, known as Les Aiglons, is a prominent team in French football.
Based in Nice, the club has a rich history and a passionate fan base.
With a strong focus on youth development, OGC Nice has produced many talented players.
Wearing their iconic red and black stripes, they are known for their attacking style and resilience.
The club continues to strive for success in Ligue 1 and European competitions.","<p><em>ðŸ”¹ Explore our full range of</em> <a href=""https://kidsfootballkit.co.uk/""><em><u>Kids Football Kit</u></em></a> <em>â€”find your perfect match today!</em></p>
<p><em>ðŸ”¹ Discover our</em> <a href=""https://kidsfootballkit.co.uk/product-category/euro-2024/""><em><u>Ligue 1 Kids Football Kit collection</u></em></a><em>â€”support your favorite team in style!</em></p>
<p><em>ðŸ”¹ Browse our exclusive</em> <a href=""https://kidsfootballkit.co.uk/product-category/ligue-1/ogc-nice/""><em><u>OGC Nice Kids Football Kit</u></em></a> <em>â€”official look for true fans!</em></p>"
Olympique Marseille,"Olympique Marseille, one of France's most storied football clubs, is a symbol of passion and pride. 
Founded in 1899, the club has a rich history, including winning the UEFA Champions League in 1993. 
With a vibrant fanbase known as the ""Ultras,"" Marseille creates an electrifying atmosphere at the Stade VÃ©lodrome. 
Under the guidance of talented players and coaches, the team continues to strive for domestic and European glory.","<p><em>ðŸ”¹ Explore our full range of</em> <a href=""https://kidsfootballkit.co.uk/""><em><u>Kids Football Kit</u></em></a> <em>â€”find your perfect match today!</em></p>
<p><em>ðŸ”¹ Discover our</em> <a href=""https://kidsfootballkit.co.uk/product-category/men-world-cup-shirt-2022/""><em><u>Ligue 1 Kids Football Kit collection</u></em></a><em>â€”support your favorite team in style!</em></p>
<p><em>ðŸ”¹ Browse our exclusive</em> <a href=""https://kidsfootballkit.co.uk/product-category/ligue-1/olympique-marseille/""><em><u>Olympique Marseille Kids Football Kit</u></em></a> <em>â€”official look for true fans!</em></p>"
Paris Saint Germain,"Paris Saint-Germain, known as PSG, is a powerhouse in French football.
The club has achieved significant success, including multiple Ligue 1 titles and domestic cups.
With star players like Lionel Messi and Kylian MbappÃ©, PSG dazzles fans with their attacking prowess and skill.
Dressed in their iconic blue, red, and white colors, PSG proudly represents the vibrant city of Paris on the European stage.","<p><em>ðŸ”¹ Explore our full range of</em> <a href=""https://kidsfootballkit.co.uk/""><em><u>Kids Football Kit</u></em></a> <em>â€”find your perfect match today!</em></p>
<p><em>ðŸ”¹ Discover our</em> <a href=""https://kidsfootballkit.co.uk/product-category/men-world-cup-shirt-2022/""><em><u>Ligue 1 Kids Football Kit collection</u></em></a><em>â€”support your favorite team in style!</em></p>
<p><em>ðŸ”¹ Browse our exclusive</em> <a href=""https://kidsfootballkit.co.uk/product-category/ligue-1/paris-saint-germain/""><em><u>Paris Saint Germain Kids Football Kit</u></em></a> <em>â€”official look for true fans!</em></p>"
AI Hilal,"The Al Hilal Football Club, known as the Blue Waves, is a powerhouse in Asian football.
Representing Saudi Arabia, the team has a storied history, winning numerous domestic and continental titles.
With stars like Salem Al-Dawsari and BafÃ©timbi Gomis, Al Hilal dazzles fans with their skillful play and relentless pursuit of victory.
Clad in their iconic blue and white kits, the club proudly showcases their legacy on the international stage.","<p><em>ðŸ”¹ Explore our full range of</em> <a href=""https://kidsfootballkit.co.uk/""><em><u>Kids Football Kit</u></em></a> <em>â€”find your perfect match today!</em></p>
<p><em>ðŸ”¹ Discover our</em> <a href=""https://kidsfootballkit.co.uk/product-category/other-leagues/""><em><u>Other Leagues Kids Football Kit collection</u></em></a><em>â€”support your favorite team in style!</em></p>
<p><em>ðŸ”¹ Browse our exclusive</em> <a href=""https://kidsfootballkit.co.uk/product-category/other-leagues/al-hilal/""><em><u>AI Hilal Kids Football Kit</u></em></a> <em>â€”official look for true fans!</em></p>"
AI Nassr,"Al Nassr Football Club, based in Riyadh, is a prominent name in Saudi Arabian football.
The club has a rich history, winning numerous domestic titles and consistently competing at high levels.
With star players like Cristiano Ronaldo leading the charge, Al Nassr showcases a blend of skill and determination.
Their iconic yellow and blue colors symbolize pride and passion as they strive for excellence on the pitch.","<p><em>ðŸ”¹ Explore our full range of</em> <a href=""https://kidsfootballkit.co.uk/""><em><u>Kids Football Kit</u></em></a> <em>â€”find your perfect match today!</em></p>
<p><em>ðŸ”¹ Discover our</em> <a href=""https://kidsfootballkit.co.uk/product-category/other-leagues/""><em><u>Other Leagues Kids Football Kit collection</u></em></a><em>â€”support your favorite team in style!</em></p>
<p><em>ðŸ”¹ Browse our exclusive</em> <a href=""https://kidsfootballkit.co.uk/product-category/other-leagues/al-nassr/""><em><u>AI Nassr Kids Football Kit</u></em></a> <em>â€”official look for true fans!</em></p>"
Inter Miami,"Inter Miami CF, founded in 2018, is a rising star in Major League Soccer. 
Representing the vibrant city of Miami, the club aims to make its mark in American football. 
With high-profile players like Lionel Messi and Sergio Busquets, Inter Miami dazzles fans with their skill and creativity. 
Dressed in striking pink and black kits, the team embodies the spirit and passion of South Florida.","<p><em>ðŸ”¹ Explore our full range of</em> <a href=""https://kidsfootballkit.co.uk/""><em><u>Kids Football Kit</u></em></a> <em>â€”find your perfect match today!</em></p>
<p><em>ðŸ”¹ Discover our</em> <a href=""https://kidsfootballkit.co.uk/product-category/other-leagues/""><em><u>Other Leagues Kids Football Kit collection</u></em></a><em>â€”support your favorite team in style!</em></p>
<p><em>ðŸ”¹ Browse our exclusive</em> <a href=""https://kidsfootballkit.co.uk/product-category/other-leagues/inter-miami/""><em><u>Inter Miami Kids Football Kit</u></em></a> <em>â€”official look for true fans!</em></p>"
Belgium,"The Belgian football clubs are renowned for their competitive spirit and rich history. 
Clubs like Anderlecht, Club Brugge, and Genk have made significant impacts in both domestic and European competitions. 
Known for their passionate fan bases, these clubs foster a vibrant football culture in Belgium. 
With talented players and tactical prowess, Belgian clubs continue to shine on the international stage, showcasing the depth of footballing talent in the country.","<p><em>ðŸ”¹ Explore our full range of</em> <a href=""https://kidsfootballkit.co.uk/""><em><u>Kids Football Kit</u></em></a> <em>â€”find your perfect match today!</em></p>
<p><em>ðŸ”¹ Discover our</em> <a href=""https://kidsfootballkit.co.uk/product-category/euro-2024/""><em><u>EURO Kids Football Kit collection</u></em></a><em>â€”support your favorite team in style!</em></p>
<p><em>ðŸ”¹ Browse our exclusive</em> <a href=""https://kidsfootballkit.co.uk/product-category/euro-2024/belgium-euro-2024-2/""><em><u>Belgium Kids Football Kit</u></em></a> <em>â€”official look for true fans!</em></p>"
Croatia,"The Croatian national football team, known as Vatreni, is a formidable presence in international football. 
Representing Croatia, the team has celebrated significant achievements, including reaching the FIFA World Cup final in 2018. 
With stars like Luka ModriÄ‡ and Ivan PeriÅ¡iÄ‡, Vatreni dazzles fans with their skillful play and tenacity. 
Wearing their iconic checkered jerseys, the Croatian national team proudly showcases their passion and talent on the world stage.","<p><em>ðŸ”¹ Explore our full range of</em> <a href=""https://kidsfootballkit.co.uk/""><em><u>Kids Football Kit</u></em></a> <em>â€”find your perfect match today!</em></p>
<p><em>ðŸ”¹ Discover our</em> <a href=""https://kidsfootballkit.co.uk/product-category/euro-2024/""><em><u>EURO Kids Football Kit collection</u></em></a><em>â€”support your favorite team in style!</em></p>
<p><em>ðŸ”¹ Browse our exclusive</em> <a href=""https://kidsfootballkit.co.uk/product-category/euro-2024/croatia-euro-2024/""><em><u>Croatia Kids Football Kit</u></em></a> <em>â€”official look for true fans!</em></p>"
Denmark,"The Denmark national football team, known as the Danes, is a formidable presence in international football.
Representing Denmark, the team has made significant strides, including reaching the UEFA European Championship finals in 1984 and 2020.
With stars like Christian Eriksen and Kasper Schmeichel, the Danes impress fans with their tactical discipline and teamwork.
Dressed in their iconic red and white kits, the Denmark national team proudly showcases their skills on the world stage.","<p><em>ðŸ”¹ Explore our full range of</em> <a href=""https://kidsfootballkit.co.uk/""><em><u>Kids Football Kit</u></em></a> <em>â€”find your perfect match today!</em></p>
<p><em>ðŸ”¹ Discover our</em> <a href=""https://kidsfootballkit.co.uk/product-category/euro-2024/""><em><u>EURO Kids Football Kit collection</u></em></a><em>â€”support your favorite team in style!</em></p>
<p><em>ðŸ”¹ Browse our exclusive</em> <a href=""https://kidsfootballkit.co.uk/product-category/euro-2024/denmark-euro-2024-2/""><em><u>Denmark Kids Football Kit</u></em></a> <em>â€”official look for true fans!</em></p>"
England,"The England national football team, known as the Three Lions, is a prominent contender in international football.
Representing England, the team boasts a rich history, including winning the FIFA World Cup in 1966.
Stars like Harry Kane and Raheem Sterling lead the charge, thrilling fans with their skill and passion.
Dressed in iconic white and navy kits, the Three Lions proudly embody the spirit of English football on the world stage.","<p><em>ðŸ”¹ Explore our full range of</em> <a href=""https://kidsfootballkit.co.uk/""><em><u>Kids Football Kit</u></em></a> <em>â€”find your perfect match today!</em></p>
<p><em>ðŸ”¹ Discover our</em> <a href=""https://kidsfootballkit.co.uk/product-category/euro-2024/""><em><u>EURO Kids Football Kit collection</u></em></a><em>â€”support your favorite team in style!</em></p>
<p><em>ðŸ”¹ Browse our exclusive</em> <a href=""https://kidsfootballkit.co.uk/product-category/euro-2024/england-euro-2024-2/""><em><u>England Kids Football Kit</u></em></a> <em>â€”official look for true fans!</em></p>"
France,"The France national football team, known as Les Bleus, is a powerhouse in international football. 
Representing France, the team has achieved incredible milestones, including winning the FIFA World Cup in 1998 and 2018. 
Guided by stars like Kylian MbappÃ© and Antoine Griezmann, Les Bleus dazzle fans with their speed, skill, and tactical prowess. 
Dressed in their iconic blue jerseys, the France national team proudly showcases their talent on the world stage.","<p><em>ðŸ”¹ Explore our full range of</em> <a href=""https://kidsfootballkit.co.uk/""><em><u>Kids Football Kit</u></em></a> <em>â€”find your perfect match today!</em></p>
<p><em>ðŸ”¹ Discover our</em> <a href=""https://kidsfootballkit.co.uk/product-category/euro-2024/""><em><u>EURO Kids Football Kit collection</u></em></a><em>â€”support your favorite team in style!</em></p>
<p><em>ðŸ”¹ Browse our exclusive</em> <a href=""https://kidsfootballkit.co.uk/product-category/euro-2024/france-euro-2024/""><em><u>France Kids Football Kit</u></em></a> <em>â€”official look for true fans!</em></p>"
Germany,"The Germany national football team, known as Die Mannschaft, is a powerhouse in international football.
Representing Germany, the team has a rich history of success, including winning the FIFA World Cup four times.
Led by key players like Manuel Neuer and Thomas MÃ¼ller, Die Mannschaft impresses with their tactical discipline and teamwork.
Wearing their iconic black, red, and gold kits, the German team proudly showcases their skill and determination on the world stage.","<p><em>ðŸ”¹ Explore our full range of</em> <a href=""https://kidsfootballkit.co.uk/""><em><u>Kids Football Kit</u></em></a> <em>â€”find your perfect match today!</em></p>
<p><em>ðŸ”¹ Discover our</em> <a href=""https://kidsfootballkit.co.uk/product-category/euro-2024/""><em><u>EURO Kids Football Kit collection</u></em></a><em>â€”support your favorite team in style!</em></p>
<p><em>ðŸ”¹ Browse our exclusive</em> <a href=""https://kidsfootballkit.co.uk/product-category/euro-2024/germany-euro-2024/""><em><u>Germany Kids Football Kit</u></em></a> <em>â€”official look for true fans!</em></p>"
Italy,"The Italy national football team, known as the Azzurri, is a powerhouse in the world of football.
Representing Italy, the team has a rich history, winning the FIFA World Cup four times.
With legendary players like Paolo Maldini and Gianluigi Buffon, the Azzurri exemplify defensive mastery and tactical intelligence.
Wearing their iconic blue jerseys, the Italy national team continues to inspire with their passion and commitment on the international stage.","<p><em>ðŸ”¹ Explore our full range of</em> <a href=""https://kidsfootballkit.co.uk/""><em><u>Kids Football Kit</u></em></a> <em>â€”find your perfect match today!</em></p>
<p><em>ðŸ”¹ Discover our</em> <a href=""https://kidsfootballkit.co.uk/product-category/euro-2024/""><em><u>EURO Kids Football Kit collection</u></em></a><em>â€”support your favorite team in style!</em></p>
<p><em>ðŸ”¹ Browse our exclusive</em> <a href=""https://kidsfootballkit.co.uk/product-category/euro-2024/italy-euro-2024-2/""><em><u>Italy Kids Football Kit</u></em></a> <em>â€”official look for true fans!</em></p>"
Netherlands,"The Netherlands club football scene is vibrant and competitive, showcasing a rich history of talent and innovation. 
Clubs like Ajax, PSV Eindhoven, and Feyenoord have made their mark in European competitions. 
Known for their attacking style and youth development, Dutch clubs consistently produce world-class players. 
With their iconic orange colors, they embody the spirit of Dutch football, captivating fans worldwide.","<p><em>ðŸ”¹ Explore our full range of</em> <a href=""https://kidsfootballkit.co.uk/""><em><u>Kids Football Kit</u></em></a> <em>â€”find your perfect match today!</em></p>
<p><em>ðŸ”¹ Discover our</em> <a href=""https://kidsfootballkit.co.uk/product-category/euro-2024/""><em><u>EURO Kids Football Kit collection</u></em></a><em>â€”support your favorite team in style!</em></p>
<p><em>ðŸ”¹ Browse our exclusive</em> <a href=""https://kidsfootballkit.co.uk/product-category/euro-2024/netherlands-euro-2024-2/""><em><u>Netherlands Kids Football Kit</u></em></a> <em>â€”official look for true fans!</em></p>"
Norway,"The Norway national football clubs are known for their competitive spirit in European football.
Representing Norway, these clubs have made significant strides in both domestic and international competitions.
With a rich history of talent, players like Erling Haaland and Martin Ã˜degaard have emerged as stars.
Dressed in their iconic red and blue kits, Norwegian clubs continue to inspire fans with their passion and dedication on the pitch.","<p><em>ðŸ”¹ Explore our full range of</em> <a href=""https://kidsfootballkit.co.uk/""><em><u>Kids Football Kit</u></em></a> <em>â€”find your perfect match today!</em></p>
<p><em>ðŸ”¹ Discover our</em> <a href=""https://kidsfootballkit.co.uk/product-category/euro-2024/""><em><u>EURO Kids Football Kit collection</u></em></a><em>â€”support your favorite team in style!</em></p>
<p><em>ðŸ”¹ Browse our exclusive</em> <a href=""https://kidsfootballkit.co.uk/product-category/euro-2024/norway/""><em><u>Norway Kids Football Kit</u></em></a> <em>â€”official look for true fans!</em></p>"
Poland,"The Poland national football team, known as BiaÅ‚o-Czerwoni, is a prominent contender in international football.
Representing Poland, the team has made significant strides, including a strong showing in the FIFA World Cup.
With stars like Robert Lewandowski and Piotr ZieliÅ„ski, BiaÅ‚o-Czerwoni mesmerize fans with their attacking prowess and tactical discipline.
Dressed in their iconic white and red kits, the Poland national team proudly showcases their talent on the world stage.","<p><em>ðŸ”¹ Explore our full range of</em> <a href=""https://kidsfootballkit.co.uk/""><em><u>Kids Football Kit</u></em></a> <em>â€”find your perfect match today!</em></p>
<p><em>ðŸ”¹ Discover our</em> <a href=""https://kidsfootballkit.co.uk/product-category/euro-2024/""><em><u>EURO Kids Football Kit collection</u></em></a><em>â€”support your favorite team in style!</em></p>
<p><em>ðŸ”¹ Browse our exclusive</em> <a href=""https://kidsfootballkit.co.uk/product-category/euro-2024/poland-euro-2024/""><em><u>Poland Kids Football Kit</u></em></a> <em>â€”official look for true fans!</em></p>"
Portugal,"Portugal's top football clubs, including FC Porto, SL Benfica, and Sporting CP, have a rich history and a passionate following.
These clubs have dominated domestic competitions and made significant impacts in European tournaments.
Known for their skilled players and tactical prowess, they consistently showcase exciting football.
With vibrant fan cultures and iconic stadiums, Portuguese clubs represent the heart and soul of the nation's footballing heritage.","<p><em>ðŸ”¹ Explore our full range of</em> <a href=""https://kidsfootballkit.co.uk/""><em><u>Kids Football Kit</u></em></a> <em>â€”find your perfect match today!</em></p>
<p><em>ðŸ”¹ Discover our</em> <a href=""https://kidsfootballkit.co.uk/product-category/euro-2024/""><em><u>EURO Kids Football Kit collection</u></em></a><em>â€”support your favorite team in style!</em></p>
<p><em>ðŸ”¹ Browse our exclusive</em> <a href=""https://kidsfootballkit.co.uk/product-category/euro-2024/portugal-euro-2024/""><em><u>Portugal Kids Football Kit</u></em></a> <em>â€”official look for true fans!</em></p>"
Scotland,,"<p><em>ðŸ”¹ Explore our full range of</em> <a href=""https://kidsfootballkit.co.uk/""><em><u>Kids Football Kit</u></em></a> <em>â€”find your perfect match today!</em></p>
<p><em>ðŸ”¹ Discover our</em> <a href=""https://kidsfootballkit.co.uk/product-category/euro-2024/""><em><u>EURO Kids Football Kit collection</u></em></a><em>â€”support your favorite team in style!</em></p>
<p><em>ðŸ”¹ Browse our exclusive</em> <a href=""https://kidsfootballkit.co.uk/product-category/euro-2024/scotland-euro-2024/""><em><u>Scotland Kids Football Kit</u></em></a> <em>â€”official look for true fans!</em></p>"
Spain,"The Spain national football team, known as La Roja, is a powerhouse in international football.
Representing Spain, the team has celebrated significant triumphs, including winning the FIFA World Cup in 2010 and the UEFA European Championship in 1964, 2008, and 2012.
Guided by stars like Sergio Ramos and Pedri, La Roja enchants fans with their possession-based style, technical skill, and relentless determination.
Wearing their iconic red jerseys, the Spain national team proudly showcases their talent on the world stage.","<p><em>ðŸ”¹ Explore our full range of</em> <a href=""https://kidsfootballkit.co.uk/""><em><u>Kids Football Kit</u></em></a> <em>â€”find your perfect match today!</em></p>
<p><em>ðŸ”¹ Discover our</em> <a href=""https://kidsfootballkit.co.uk/product-category/euro-2024/""><em><u>EURO Kids Football Kit collection</u></em></a><em>â€”support your favorite team in style!</em></p>
<p><em>ðŸ”¹ Browse our exclusive</em> <a href=""https://kidsfootballkit.co.uk/product-category/euro-2024/spain-euro-2024/""><em><u>Spain Kids Football Kit</u></em></a> <em>â€”official look for true fans!</em></p>"
Turkey,"The Turkish national football team, known as Ay-YÄ±ldÄ±zlÄ±lar, boasts a rich footballing heritage. 
Representing Turkey, the team has made its mark by reaching the UEFA European Championship semifinals in 2008. 
With stars like Hakan Ã‡alhanoÄŸlu and Burak YÄ±lmaz, Ay-YÄ±ldÄ±zlÄ±lar display a blend of skill and passion. 
Dressed in their iconic red and white kits, the team proudly showcases Turkey's footballing spirit on the international stage.","<p><em>ðŸ”¹ Explore our full range of</em> <a href=""https://kidsfootballkit.co.uk/""><em><u>Kids Football Kit</u></em></a> <em>â€”find your perfect match today!</em></p>
<p><em>ðŸ”¹ Discover our</em> <a href=""https://kidsfootballkit.co.uk/product-category/euro-2024/""><em><u>EURO Kids Football Kit collection</u></em></a><em>â€”support your favorite team in style!</em></p>
<p><em>ðŸ”¹ Browse our exclusive</em> <a href=""https://kidsfootballkit.co.uk/product-category/euro-2024/turkey/""><em><u>Turkey Kids Football Kit</u></em></a> <em>â€”official look for true fans!</em></p>"
Wales,"The Wales national football team, known as the Dragons, is a proud competitor in international football. 
Representing Wales, the team has made history by reaching the UEFA Euro semi-finals in 2016. 
Led by passionate players like Gareth Bale and Aaron Ramsey, the Dragons inspire fans with their tenacity and skill. 
In their iconic red kits, the Wales national team continues to fight fiercely on the world stage.","<p><em>ðŸ”¹ Explore our full range of</em> <a href=""https://kidsfootballkit.co.uk/""><em><u>Kids Football Kit</u></em></a> <em>â€”find your perfect match today!</em></p>
<p><em>ðŸ”¹ Discover our</em> <a href=""https://kidsfootballkit.co.uk/product-category/euro-2024/""><em><u>EURO Kids Football Kit collection</u></em></a><em>â€”support your favorite team in style!</em></p>
<p><em>ðŸ”¹ Browse our exclusive</em> <a href=""https://kidsfootballkit.co.uk/product-category/euro-2024/wales-euro-2024/""><em><u>Wales Kids Football Kit</u></em></a> <em>â€”official look for true fans!</em></p>"
USA,"The USA national football club, known as the Stars and Stripes, is a rising power in the world of soccer. 
Representing the United States, the team has made significant strides in international competitions, showcasing their growth and potential. 
Led by dynamic players such as Christian Pulisic and Weston McKennie, the Stars and Stripes excite fans with their speed, skill, and competitive spirit. 
With their iconic red, white, and blue jerseys, the USA national team proudly embodies the spirit of American soccer on the global stage.","<p><em>ðŸ”¹ Explore our full range of</em> <a href=""https://kidsfootballkit.co.uk/""><em><u>Kids Football Kit</u></em></a> <em>â€”find your perfect match today!</em></p>
<p><em>ðŸ”¹ Discover our</em> <a href=""https://kidsfootballkit.co.uk/product-category/men-world-cup-shirt-2022/""><em><u>World Cup Kids Football Kit collection</u></em></a><em>â€”support your favorite team in style!</em></p>
<p><em>ðŸ”¹ Browse our exclusive</em> <a href=""https://kidsfootballkit.co.uk/product-category/men-world-cup-shirt-2022/usa/""><em><u>USA Kids Football Kit</u></em></a> <em>â€”official look for true fans!</em></p>"
Mexico,"The Mexican football clubs are a vibrant part of the Liga MX landscape.
Teams like Club AmÃ©rica and Chivas Guadalajara boast rich histories and passionate fanbases.
Known for their skillful play and fierce rivalries, these clubs consistently draw large crowds.
Players such as Guillermo Ochoa and RaÃºl JimÃ©nez highlight the talent emerging from this league.
Wearing their iconic colors, these clubs proudly represent Mexico in both domestic and international competitions.","<p><em>ðŸ”¹ Explore our full range of</em> <a href=""https://kidsfootballkit.co.uk/""><em><u>Kids Football Kit</u></em></a> <em>â€”find your perfect match today!</em></p>
<p><em>ðŸ”¹ Discover our</em> <a href=""https://kidsfootballkit.co.uk/product-category/men-world-cup-shirt-2022/""><em><u>World Cup Kids Football Kit collection</u></em></a><em>â€”support your favorite team in style!</em></p>
<p><em>ðŸ”¹ Browse our exclusive</em> <a href=""https://kidsfootballkit.co.uk/product-category/men-world-cup-shirt-2022/mexico/""><em><u>Mexico Kids Football Kit</u></em></a> <em>â€”official look for true fans!</em></p>"
Argentina,"The Argentina national football team, known as La Albiceleste, is a powerhouse in international football.
Representing Argentina, the team has celebrated significant victories, including the FIFA World Cup in 1978 and 1986.
With legendary players like Lionel Messi and Ãngel Di MarÃ­a, La Albiceleste enchants fans with their skillful play and passionate spirit.
Dressed in their iconic sky blue and white stripes, the Argentina team proudly showcases their rich footballing heritage.","<p><em>ðŸ”¹ Explore our full range of</em> <a href=""https://kidsfootballkit.co.uk/""><em><u>Kids Football Kit</u></em></a> <em>â€”find your perfect match today!</em></p>
<p><em>ðŸ”¹ Discover our</em> <a href=""https://kidsfootballkit.co.uk/product-category/men-world-cup-shirt-2022/""><em><u>World Cup Kids Football Kit collection</u></em></a><em>â€”support your favorite team in style!</em></p>
<p><em>ðŸ”¹ Browse our exclusive</em> <a href=""https://kidsfootballkit.co.uk/product-category/men-world-cup-shirt-2022/argentina-world-cup/""><em><u>Argentina Kids Football Kit</u></em></a> <em>â€”official look for true fans!</em></p>"
Brazil,"The Brazilian football clubs are a vibrant tapestry of skill and passion.
Clubs like Flamengo and Palmeiras have storied histories and fierce rivalries.
Known for their samba style, Brazilian teams dazzle fans with flair and creativity.
Stars such as Neymar and PelÃ© have graced their pitches, inspiring generations.
With colorful jerseys and a rich culture, they embody the spirit of Brazilian football.","<p><em>ðŸ”¹ Explore our full range of</em> <a href=""https://kidsfootballkit.co.uk/""><em><u>Kids Football Kit</u></em></a> <em>â€”find your perfect match today!</em></p>
<p><em>ðŸ”¹ Discover our</em> <a href=""https://kidsfootballkit.co.uk/product-category/men-world-cup-shirt-2022/""><em><u>World Cup Kids Football Kit collection</u></em></a><em>â€”support your favorite team in style!</em></p>
<p><em>ðŸ”¹ Browse our exclusive</em> <a href=""https://kidsfootballkit.co.uk/product-category/men-world-cup-shirt-2022/brazil/""><em><u>Brazil Kids Football Kit</u></em></a> <em>â€”official look for true fans!</em></p>"
